{
  "provinceList": [
    {
      "id": 1,
      "name": "KOSHI PROVINCE",
      "districtList": [
        {
          "id": 1,
          "name": "TAPLEJUNG",
          "municipalityList": [
            {"id": 1, "name": "Fattanglung Rural Municipality"},
            {"id": 2, "name": "Maiwakhola Rural Municipality"},
            {"id": 3, "name": "Meringden Rural Municipality"},
            {"id": 4, "name": "Mikawakhola Rural Municipality"},
            {"id": 5, "name": "Phungling Municipality"},
            {"id": 6, "name": "Serijdangha Rural Municipality"},
            {"id": 7, "name": "Sidingwa Rural Municipality"},
            {"id": 8, "name": "Yangwarak Rural Municipality"},
            {"id": 9, "name": "Aatharai Triveni Rural Municipality"}
          ]
        },
        {
          "id": 2,
          "name": "SANKHUWASABHA",
          "municipalityList": [
            {"id": 10, "name": "Bhotkhola Rural Municipality"},
            {"id": 11, "name": "Chainpur Municipality"},
            {"id": 12, "name": "Chichila Rural Municipality"},
            {"id": 13, "name": "Dharmadevi Municipality"},
            {"id": 14, "name": "Khadbari Municipality"},
            {"id": 15, "name": "Madi Municipality"},
            {"id": 16, "name": "Makalu Rural Municipality"},
            {"id": 17, "name": "Panchkhapan Municipality"},
            {"id": 18, "name": "Sabhapokhari Rural Municipality"},
            {"id": 19, "name": "Silichong Rural Municipality"}
          ]
        },
        {
          "id": 3,
          "name": "SOLUKHUMBU",
          "municipalityList": [
            {"id": 20, "name": "Mapya Rural Municipality"},
            {"id": 21, "name": "Thulung Rural Municipality"},
            {"id": 22, "name": "Khumbupasanglahmu Rural Municipality"},
            {"id": 23, "name": "Likhupike Rural Municipality"},
            {"id": 24, "name": "Mahakulung Rural Municipality"},
            {"id": 25, "name": "Necha Salyan Rural Municipality"},
            {"id": 26, "name": "Solududhakunda Municipality"},
            {"id": 27, "name": "Sotang Rural Municipality"}
          ]
        },
        {
          "id": 4,
          "name": "OKHALDHUNGA",
          "municipalityList": [
            {"id": 28, "name": "Champadevi Rural Municipality"},
            {"id": 29, "name": "Chisankhugadhi Rural Municipality"},
            {"id": 30, "name": "Khijidemba Rural Municipality"},
            {"id": 31, "name": "Likhu Rural Municipality"},
            {"id": 32, "name": "Manebhanjyang Rural Municipality"},
            {"id": 33, "name": "Molung Rural Municipality"},
            {"id": 34, "name": "Siddhicharan Municipality"},
            {"id": 35, "name": "Sunkoshi Rural Municipality"}
          ]
        },
        {
          "id": 5,
          "name": "KHOTANG",
          "municipalityList": [
            {"id": 36, "name": "Ainselukhark Rural Municipality"},
            {"id": 37, "name": "Barahapokhari Rural Municipality"},
            {"id": 38, "name": "Diprung Rural Municipality"},
            {"id": 39, "name": "Halesi Tuwachung Municipality"},
            {"id": 40, "name": "Jantedhunga Rural Municipality"},
            {"id": 41, "name": "Kepilasagadhi Rural Municipality"},
            {"id": 42, "name": "Khotehang Rural Municipality"},
            {"id": 43, "name": "Lamidanda Rural Municipality"},
            {"id": 44, "name": "Rupakot Majhuwagadhi Municipality"},
            {"id": 45, "name": "Sakela Rural Municipality"}
          ]
        },
        {
          "id": 6,
          "name": "BHOJPUR",
          "municipalityList": [
            {"id": 46, "name": "Aamchowk Rural Municipality"},
            {"id": 47, "name": "Arun Rural Municipality"},
            {"id": 48, "name": "Bhojpur Municipality"},
            {"id": 49, "name": "Hatuwagadhi Rural Municipality"},
            {"id": 50, "name": "Pauwadungma Rural Municipality"},
            {"id": 51, "name": "Ram Prasad Rai Rural Municipality"},
            {"id": 52, "name": "Shadananda Municipality"},
            {"id": 53, "name": "Salpa silicho Rural Municipality"},
            {"id": 54, "name": "Tayamkemaiyum Rural Municipality"}
          ]
        },
        {
          "id": 7,
          "name": "DHANKUTA",
          "municipalityList": [
            {"id": 55, "name": "Cha Thar Jorpati Rural Municipality"},
            {"id": 56, "name": "Chaubise Rural Municipality"},
            {"id": 57, "name": "Dhankuta Municipality"},
            {"id": 58, "name": "Khalsa Chintang Sahidbhumi Rural Municipality"},
            {"id": 59, "name": "Mahalakshmi Municipality"},
            {"id": 60, "name": "Pakhribash Municipality"},
            {"id": 61, "name": "Sangurigadhi Rural Municipality"}
          ]
        },
        {
          "id": 8,
          "name": "TERHATHUM",
          "municipalityList": [
            {"id": 62, "name": "Aathrai Rural Municipality"},
            {"id": 63, "name": "Chaa Thar Rural Municipality"},
            {"id": 64, "name": "Laliguransh Municipality"},
            {"id": 65, "name": "Menchayayam Rural Municipality"},
            {"id": 66, "name": "Myanglung Municipality"},
            {"id": 67, "name": "Phedap Rural Municipality"}
          ]
        },
        {
          "id": 9,
          "name": "PANCHTHAR",
          "municipalityList": [
            {"id": 68, "name": "Falgunanda Rural Municipality"},
            {"id": 69, "name": "Hilihang Rural Municipality"},
            {"id": 70, "name": "Kummayak Rural Municipality"},
            {"id": 71, "name": "Miklajung Rural Municipality"},
            {"id": 72, "name": "Phalaelung Rural Municipality"},
            {"id": 73, "name": "Phidim Municipality"},
            {"id": 74, "name": "Tumwaewa Rural Municipality"},
            {"id": 75, "name": "Yangwarak Rural Municipality"}
          ]
        },
        {
          "id": 10,
          "name": "ILAM",
          "municipalityList": [
            {"id": 76, "name": "Chulachuli Rural Municipality"},
            {"id": 77, "name": "Deumai Municipality"},
            {"id": 78, "name": "Fakfokthum Rural Municipality"},
            {"id": 79, "name": "Ilam Municipality"},
            {"id": 80, "name": "Mai Jogmai Rural Municipality"},
            {"id": 81, "name": "Mai Municipality"},
            {"id": 82, "name": "Mangsebung Rural Municipality"},
            {"id": 83, "name": "Rong Rural Municipality"},
            {"id": 84, "name": "Sandakpur Rural Municipality"},
            {"id": 85, "name": "Suryaudaya Municipality"}
          ]
        },
        {
          "id": 11,
          "name": "JHAPA",
          "municipalityList": [
            {"id": 86, "name": "Arjundhara Municipality"},
            {"id": 87, "name": "Barhadashi Rural Municipality"},
            {"id": 88, "name": "Bhadrapur Municipality"},
            {"id": 89, "name": "Birtamod Municipality"},
            {"id": 90, "name": "Buddha Shanti Rural Municipality"},
            {"id": 91, "name": "Damak Municipality"},
            {"id": 92, "name": "Gauradaha Municipality"},
            {"id": 93, "name": "Gaurigunj Rural Municipality"},
            {"id": 94, "name": "Haldibari Rural Municipality"},
            {"id": 95, "name": "Jhapa Rural Municipality"},
            {"id": 96, "name": "Kachanakawal Rural Municipality"},
            {"id": 97, "name": "Kamal Rural Municipality"},
            {"id": 98, "name": "Kankai Municipality"},
            {"id": 99, "name": "Mechinagar Municipality"},
            {"id": 100, "name": "Sitasatakshi Municipality"}
          ]
        },
        {
          "id": 12,
          "name": "MORANG",
          "municipalityList": [
            {"id": 101, "name": "Belbari Municipality"},
            {"id": 102, "name": "Biratnagar Upa Maha Municipality"},
            {"id": 103, "name": "Budhiganga Rural Municipality"},
            {"id": 104, "name": "Dha Municipality althan Rural Municipality"},
            {"id": 105, "name": "Gramthan Rural Municipality"},
            {"id": 106, "name": "Jahada Rural Municipality"},
            {"id": 107, "name": "Kanepokhari Rural Municipality"},
            {"id": 108, "name": "Katahari Rural Municipality"},
            {"id": 109, "name": "Kerabari Rural Municipality"},
            {"id": 110, "name": "Letang Municipality"},
            {"id": 111, "name": "Miklajung Rural Municipality"},
            {"id": 112, "name": "Patahri shanishchare Municipality"},
            {"id": 113, "name": "Rangeli Municipality"},
            {"id": 114, "name": "Ratuwamai Municipality"},
            {"id": 115, "name": "Sundar Haraicha Municipality"},
            {"id": 116, "name": "Sunbarshi municipality"},
            {"id": 117, "name": "Uralabari Municipality"}
          ]
        },
        {
          "id": 13,
          "name": "SUNSARI",
          "municipalityList": [
            {"id": 118, "name": "Baraha Municipality"},
            {"id": 119, "name": "Barju Rural Municipality"},
            {"id": 120, "name": "Devangunj Rural Municipality"},
            {"id": 121, "name": "Dharan Upamaha Municipality"},
            {"id": 122, "name": "Duhabi Municipality"},
            {"id": 123, "name": "Gadhi Rural Municipality"},
            {"id": 124, "name": "Harinagar Rural Municipality"},
            {"id": 125, "name": "Inarwa Municipality"},
            {"id": 126, "name": "Itahari Upa Maha Municipality"},
            {"id": 127, "name": "Jhokraha Rural Municipality"},
            {"id": 128, "name": "Koshi Rural Municipality"},
            {"id": 129, "name": "Ramdhuni Municipality"}
          ]
        },
        {
          "id": 14,
          "name": "UDAYAPUR",
          "municipalityList": [
            {"id": 130, "name": "Belaka Municipality"},
            {"id": 131, "name": "Chaudandigadhi Municipality"},
            {"id": 132, "name": "Katari Municipality"},
            {"id": 133, "name": "Rautamai Rural Municipality"},
            {"id": 134, "name": "Sunkoshi Rural Municipality"},
            {"id": 135, "name": "Tapli Rural Municipality"},
            {"id": 136, "name": "Triyuga Municipality"},
            {"id": 137, "name": "Udayapurgadhi Rural Municipality"}
          ]
        }
      ]
    },
    {
      "id": 2,
      "name": "MADHESH PROVINCE",
      "districtList": [
        {
          "id": 15,
          "name": "SAPTARI",
          "municipalityList": [
            {"id": 138, "name": "Rajgadh Rural Municipality"},
            {"id": 139, "name": "Bishnupur Rural Municipality"},
            {"id": 140, "name": "Bode Barsain Municipality"},
            {"id": 141, "name": "Chhinnamasta Rural Municipality"},
            {"id": 142, "name": "Dakneshwori Municipality"},
            {"id": 143, "name": "Hanumannagar Kankalani Municipality"},
            {"id": 144, "name": "Kanchanrup Municipality"},
            {"id": 145, "name": "Khadak Municipality"},
            {"id": 146, "name": "Krishna Savaran Rural Municipality"},
            {"id": 147, "name": "Mahadev Rural Municipality"},
            {"id": 148, "name": "Rajbiraj Municipality"},
            {"id": 149, "name": "Rupani Rural Municipality"},
            {"id": 150, "name": "Saptakoshi Rural Municipality"},
            {"id": 151, "name": "Shambhunath Municipality"},
            {"id": 152, "name": "Balanbihul Rural Municipality"},
            {"id": 153, "name": "Tilathi Koiladi Rural Municipality"},
            {"id": 154, "name": "Tirahut Rural Municipality"},
            {"id": 155, "name": "Surunga Municipality"}
          ]
        },
        {
          "id": 16,
          "name": "SIRAHA",
          "municipalityList": [
            {"id": 156, "name": "Arnama Rural Municipality"},
            {"id": 157, "name": "Aurahi Rural Municipality"},
            {"id": 158, "name": "Bariyarpatti Rural Municipality"},
            {"id": 159, "name": "Bhagawa Municipality ur Rural Municipality"},
            {"id": 160, "name": "Dhangadhimai Municipality"},
            {"id": 161, "name": "Golbazar Municipality"},
            {"id": 162, "name": "Kalya Municipality ur Municipality"},
            {"id": 163, "name": "Karjanhya Rural Municipality"},
            {"id": 164, "name": "Lahan Municipality"},
            {"id": 165, "name": "Laxmipur Patari Rural Municipality"},
            {"id": 166, "name": "Mirchaiya Municipality"},
            {"id": 167, "name": "Naraha Rural Municipality"},
            {"id": 168, "name": "Nawarajpur Rural Municipality"},
            {"id": 169, "name": "Sakhuwanankarkatti Rural Municipality"},
            {"id": 170, "name": "Siraha Municipality"},
            {"id": 171, "name": "Sukhipur Rural Municipality"},
            {"id": 172, "name": "Bishnupur Gaunpalika"}
          ]
        },
        {
          "id": 17,
          "name": "DHANUSA",
          "municipalityList": [
            {"id": 173, "name": "Chireshwar Nath Municipality"},
            {"id": 174, "name": "Dhanushadham Municipality"},
            {"id": 175, "name": "Sabaila Municipality"},
            {"id": 176, "name": "Mithla Municipality"},
            {"id": 177, "name": "Ganeshman Charnath N.P."},
            {"id": 178, "name": "Janakpur Up Municipality"},
            {"id": 179, "name": "Shahidnagar Nagar palika"},
            {"id": 180, "name": "Mithala Bihari nagar palika"},
            {"id": 181, "name": "Hanshpur Nagar Palika"},
            {"id": 182, "name": "Bideha Nagar Palika"},
            {"id": 183, "name": "Kamala siddhi Nagar Palika"},
            {"id": 184, "name": "Nagarain nagar Palika"},
            {"id": 185, "name": "mukhiya Patti gaun Palika"},
            {"id": 186, "name": "Bateshwar Gaun Palika"},
            {"id": 187, "name": "Dhanauji gaun Palika"},
            {"id": 188, "name": "Janak Nandani gaun Palika"},
            {"id": 189, "name": "Laxminya Gaun Palika"},
            {"id": 190, "name": "Aarurahi Gaun Palika"}
          ]
        },
        {
          "id": 18,
          "name": "MAHOTTARI",
          "municipalityList": [
            {"id": 191, "name": "Loharpatti Municipality"},
            {"id": 192, "name": "Bardibas Municipality"},
            {"id": 193, "name": "Aurhi Municipality"},
            {"id": 194, "name": "Ramgopalpur Municipality"},
            {"id": 195, "name": "Gaushala Municipality"},
            {"id": 196, "name": "Balba Municipality"},
            {"id": 197, "name": "Manara Siswa Municipality"},
            {"id": 198, "name": "Bhangha Municipality"},
            {"id": 199, "name": "Mathihani Municipality"},
            {"id": 200, "name": "Jaleswar Muncipality"},
            {"id": 201, "name": "Mahottari Rural Municipality"},
            {"id": 202, "name": "Samshi Rural Municipality"},
            {"id": 203, "name": "Sonma Rural Municipality"},
            {"id": 204, "name": "Ekdara Rural Municipality"},
            {"id": 205, "name": "Pipra Rural Municipality"}
          ]
        },
        {
          "id": 19,
          "name": "SARLAHI",
          "municipalityList": [
            {"id": 206, "name": "Malangwa Municipality"},
            {"id": 207, "name": "Haripurwa Municipality"},
            {"id": 208, "name": "Godaita Municipality"},
            {"id": 209, "name": "Balara Municipality"},
            {"id": 210, "name": "Ishworpur Municipality"},
            {"id": 211, "name": "Lalbandi Municipality"},
            {"id": 212, "name": "Bagmati Municipality"},
            {"id": 213, "name": "Barhathwa Municipality"},
            {"id": 214, "name": "Haripur Municipality"},
            {"id": 215, "name": "Hariwon Municipality"},
            {"id": 216, "name": "Kabilashi Municipality"},
            {"id": 217, "name": "Kaudena Rural Municipality"},
            {"id": 218, "name": "Chandranagar Rural Municipality"},
            {"id": 219, "name": "Brahmpuri Rural Municipality"},
            {"id": 220, "name": "Parsa Rural Municipality"},
            {"id": 221, "name": "Chakraghatta Rural Municipality"},
            {"id": 222, "name": "Bishnu Rural Municipality"},
            {"id": 223, "name": "Ramnagar Rural Municipality"},
            {"id": 224, "name": "Basbariya Rural Municipality"},
            {"id": 225, "name": "Dhankaul Rural Municipality"}
          ]
        },
        {
          "id": 20,
          "name": "RAUTAHAT",
          "municipalityList": [
            {"id": 226, "name": "Chandrapur Municipality"},
            {"id": 227, "name": "Garudha Municipality"},
            {"id": 228, "name": "Gaur Municipality"},
            {"id": 229, "name": "Baudhimai Municipality"},
            {"id": 230, "name": "Brindaban Municipality"},
            {"id": 231, "name": "Devahi Gonahi Municipality"},
            {"id": 232, "name": "Durgabhagwati Municipality"},
            {"id": 233, "name": "Gadhimai Municipality"},
            {"id": 234, "name": "Gajura Municipality"},
            {"id": 235, "name": "Kathariya Municipality"},
            {"id": 236, "name": "Madab Narayan Municipality"},
            {"id": 237, "name": "Mailapur Municipality"},
            {"id": 238, "name": "Fatuwa Bijaypur Municipality"},
            {"id": 239, "name": "Isnath Municipality"},
            {"id": 240, "name": "Proha Municipality"},
            {"id": 241, "name": "Rajpur Municipality"},
            {"id": 242, "name": "Yamunamai Rural Municipality"},
            {"id": 243, "name": "Rajdevi Rural Municipality"}
          ]
        },
        {
          "id": 21,
          "name": "BARA",
          "municipalityList": [
            {"id": 244, "name": "Simrongodh Municipality"},
            {"id": 245, "name": "Kolhabi Municipality"},
            {"id": 246, "name": "Nijgadh Municipality"},
            {"id": 247, "name": "Aadarsha Kotwal Rural Municipality"},
            {"id": 248, "name": "Baragadhi Rural Municipality"},
            {"id": 249, "name": "Bishrampur Rural Municipality"},
            {"id": 250, "name": "Devtal Rural Municipality"},
            {"id": 251, "name": "Feta Rural Municipality"},
            {"id": 252, "name": "Jitpur Simara Upa Maha Municipality"},
            {"id": 253, "name": "Kalaiya Upa Maha Municipality"},
            {"id": 254, "name": "Karaiya Mai Rural Municipality"},
            {"id": 255, "name": "Mahagadhi Mai Municipality"},
            {"id": 256, "name": "Parashurampur Rural Municipality"},
            {"id": 257, "name": "Pachrauta Municipality"},
            {"id": 258, "name": "Pheta Rural Municipality"},
            {"id": 259, "name": "Prasauni Rural Municipality"},
            {"id": 260, "name": "Suwarna Rural Municipality"}
          ]
        },
        {
          "id": 22,
          "name": "PARSA",
          "municipalityList": [
            {"id": 261, "name": "Birgunj Maha Municipality"},
            {"id": 262, "name": "Bahudarmai Municipality"},
            {"id": 263, "name": "Parsagadhi Municipality"},
            {"id": 264, "name": "Pokhariya Municipality"},
            {"id": 265, "name": "Bindabasini Rural Municipality"},
            {"id": 266, "name": "Chhipaharmai Rural Municipality"},
            {"id": 267, "name": "Dhobini Rural Municipality"},
            {"id": 268, "name": "Jagarnathpur Rural Municipality"},
            {"id": 269, "name": "Jirabhawani Rural Municipality"},
            {"id": 270, "name": "Kalikamai Rural Municipality"},
            {"id": 271, "name": "Pakaha Mainpur Rural Municipality"},
            {"id": 272, "name": "Paterwa Sugauli Rural Municipality"},
            {"id": 273, "name": "Sakhuwa Prasauni Rural Municipality"},
            {"id": 274, "name": "Thori Rural Municipality"}
          ]
        }
      ]
    },
    {
      "id": 3,
      "name": "BAGMATI PROVINCE",
      "districtList": [
        {
          "id": 23,
          "name": "SINDHULI",
          "municipalityList": [
            {"id": 275, "name": "Kamalamai Municipality"},
            {"id": 276, "name": "Dudhouli Municipality"},
            {"id": 277, "name": "Golanjor Rural Municipality"},
            {"id": 278, "name": "Ghyanglekh Rural Municipality"},
            {"id": 279, "name": "Hariharpurgadhi Rural Municipality"},
            {"id": 280, "name": "Marin Rural Municipality"},
            {"id": 281, "name": "Phikkal Rural Municipality"},
            {"id": 282, "name": "Sunkoshi Rural Municipality"},
            {"id": 283, "name": "Tinpatan Rural Municipality"}
          ]
        },
        {
          "id": 24,
          "name": "RAMCHHAP",
          "municipalityList": [
            {"id": 284, "name": "Manthali Municipality"},
            {"id": 285, "name": "Ramechhap Municipality"},
            {"id": 286, "name": "Doramba Rural Municipality"},
            {"id": 287, "name": "Gokulganga Rural Municipality"},
            {"id": 288, "name": "Khadadevi Rural Municipality"},
            {"id": 289, "name": "Likhu Tamakoshi Rural Municipality"},
            {"id": 290, "name": "Sunapati Rural Municipality"},
            {"id": 291, "name": "Umakunda Rural Municipality"}
          ]
        },
        {
          "id": 25,
          "name": "DOLAKHA",
          "municipalityList": [
            {"id": 292, "name": "Bhimeshwar Municipality"},
            {"id": 293, "name": "Jiri Municipality"},
            {"id": 294, "name": "Baiteshwor Rural Municipality"},
            {"id": 295, "name": "Bigutar Rural Municipality"},
            {"id": 296, "name": "Gaurishankar Rural Municipality"},
            {"id": 297, "name": "Kalinchok Rural Municipality"},
            {"id": 298, "name": "Melung Rural Municipality"},
            {"id": 299, "name": "Sailung Rural Municipality"},
            {"id": 300, "name": "Tamakoshi Rural Municipality"}
          ]
        },
        {
          "id": 26,
          "name": "SINDHUPALCHOK",
          "municipalityList": [
            {"id": 301, "name": "Chautara Sangachokgadhi Municipality"},
            {"id": 302, "name": "Melamchi Municipality"},
            {"id": 303, "name": "Barhabise Municipality"},
            {"id": 304, "name": "Bhotekoshi Rural Municipality"},
            {"id": 305, "name": "Helambu Rural Municipality"},
            {"id": 306, "name": "Indrawati Rural Municipality"},
            {"id": 307, "name": "Jugal Rural Municipality"},
            {"id": 308, "name": "Lisankhu Pakhar Rural Municipality"},
            {"id": 309, "name": "Panchpokhari Thangpal Rural Municipality"},
            {"id": 310, "name": "Sunkoshi Rural Municipality"},
            {"id": 311, "name": "Tripurasundari Rural Municipality"},
            {"id": 312, "name": "Balephi Rural Municipality"}
          ]
        },
        {
          "id": 27,
          "name": "KAVREPALANCHOK",
          "municipalityList": [
            {"id": 313, "name": "Dhulikhel Municipality"},
            {"id": 314, "name": "Banepa Municipality"},
            {"id": 315, "name": "Panauti Municipality"},
            {"id": 316, "name": "Panchkhal Municipality"},
            {"id": 317, "name": "Namobuddha Municipality"},
            {"id": 318, "name": "Mandandeupur Municipality"},
            {"id": 319, "name": "Bethanchowk Rural Municipality"},
            {"id": 320, "name": "Bhumlu Rural Municipality"},
            {"id": 321, "name": "Chaurideurali Rural Municipality"},
            {"id": 322, "name": "Khanikhola Rural Municipality"},
            {"id": 323, "name": "Mahabharat Rural Municipality"},
            {"id": 324, "name": "Roshi Rural Municipality"},
            {"id": 325, "name": "Temal Rural Municipality"}
          ]
        },
        {
          "id": 28,
          "name": "LALITPUR",
          "municipalityList": [
            {"id": 326, "name": "Lalitpur Maha Municipality"},
            {"id": 327, "name": "Godawari Municipality"},
            {"id": 328, "name": "Mahalaxmi Municipality"},
            {"id": 329, "name": "Konjyosom Rural Municipality"},
            {"id": 330, "name": "Bagmati Rural Municipality"},
            {"id": 331, "name": "Mahankal Rural Municipality"}
          ]
        },
        {
          "id": 29,
          "name": "BHAKTAPUR",
          "municipalityList": [
            {"id": 332, "name": "Bhaktapur Municipality"},
            {"id": 333, "name": "Changunarayan Municipality"},
            {"id": 334, "name": "Madhyapur Thimi Municipality"},
            {"id": 335, "name": "Suryabinayak Municipality"}
          ]
        },
        {
          "id": 30,
          "name": "KATHMANDU",
          "municipalityList": [
            {"id": 336, "name": "Kathmandu Maha Municipality"},
            {"id": 337, "name": "Kageshwori Manohara Municipality"},
            {"id": 338, "name": "Kirtipur Municipality"},
            {"id": 339, "name": "Gokarneshwor Municipality"},
            {"id": 340, "name": "Chandragiri Municipality"},
            {"id": 341, "name": "Tokha Municipality"},
            {"id": 342, "name": "Tarkeshwor Municipality"},
            {"id": 343, "name": "Dakshinkali Municipality"},
            {"id": 344, "name": "Nagarjun Municipality"},
            {"id": 345, "name": "Budhanilkantha Municipality"},
            {"id": 346, "name": "Shankharapur Municipality"}
          ]
        },
        {
          "id": 31,
          "name": "NUWAKOT",
          "municipalityList": [
            {"id": 347, "name": "Bidur Municipality"},
            {"id": 348, "name": "Belkotgadhi Municipality"},
            {"id": 349, "name": "Dupcheshwor Rural Municipality"},
            {"id": 350, "name": "Kakani Rural Municipality"},
            {"id": 351, "name": "Kispang Rural Municipality"},
            {"id": 352, "name": "Likhu Rural Municipality"},
            {"id": 353, "name": "Meghang Rural Municipality"},
            {"id": 354, "name": "Panchakanya Rural Municipality"},
            {"id": 355, "name": "Shivapuri Rural Municipality"},
            {"id": 356, "name": "Suryagadhi Rural Municipality"},
            {"id": 357, "name": "Tadi Rural Municipality"},
            {"id": 358, "name": "Tarakeshwor Rural Municipality"}
          ]
        },
        {
          "id": 32,
          "name": "RASUWA",
          "municipalityList": [
            {"id": 359, "name": "Gosaikunda Rural Municipality"},
            {"id": 360, "name": "Kalika Rural Municipality"},
            {"id": 361, "name": "Naukunda Rural Municipality"},
            {"id": 362, "name": "Parbatikunda Rural Municipality"},
            {"id": 363, "name": "Uttargaya Rural Municipality"}
          ]
        },
        {
          "id": 33,
          "name": "DHADING",
          "municipalityList": [
            {"id": 364, "name": "Dhading Municipality"},
            {"id": 365, "name": "Nilkantha Municipality"},
            {"id": 366, "name": "Bahrabise Rural Municipality"},
            {"id": 367, "name": "Benighat Rorang Rural Municipality"},
            {"id": 368, "name": "Dhunibesi Rural Municipality"},
            {"id": 369, "name": "Galchhi Rural Municipality"},
            {"id": 370, "name": "Gangajamuna Rural Municipality"},
            {"id": 371, "name": "Jwalamukhi Rural Municipality"},
            {"id": 372, "name": "Khaniyabash Rural Municipality"},
            {"id": 373, "name": "Netrawati Rural Municipality"},
            {"id": 374, "name": "Rubi Valley Rural Municipality"},
            {"id": 375, "name": "Siddhalek Rural Municipality"},
            {"id": 376, "name": "Thakre Rural Municipality"},
            {"id": 377, "name": "Tripurasundari Rural Municipality"}
          ]
        },
        {
          "id": 34,
          "name": "MAKAWANPUR",
          "municipalityList": [
            {"id": 378, "name": "Hetauda Upa Maha Municipality"},
            {"id": 379, "name": "Thaha Municipality"},
            {"id": 380, "name": "Bagmati Rural Municipality"},
            {"id": 381, "name": "Bakaiya Rural Municipality"},
            {"id": 382, "name": "Bhimphedi Rural Municipality"},
            {"id": 383, "name": "Indrasarowar Rural Municipality"},
            {"id": 384, "name": "Kailash Rural Municipality"},
            {"id": 385, "name": "Makawanpurgadhi Rural Municipality"},
            {"id": 386, "name": "Manahari Rural Municipality"},
            {"id": 387, "name": "Raksirang Rural Municipality"}
          ]
        },
        {
          "id": 35,
          "name": "CHITWAN",
          "municipalityList": [
            {"id": 388, "name": "Bharatpur Maha Municipality"},
            {"id": 389, "name": "Kalika Municipality"},
            {"id": 390, "name": "Khairahani Municipality"},
            {"id": 391, "name": "Madi Municipality"},
            {"id": 392, "name": "Rapti Municipality"},
            {"id": 393, "name": "Ratnanagar Municipality"},
            {"id": 394, "name": "Ichchhakamana Rural Municipality"}
          ]
        }
      ]
    },
    {
      "id": 4,
      "name": "GANDAKI PROVINCE",
      "districtList": [
        {
          "id": 36,
          "name": "GORKHA",
          "municipalityList": [
            {"id": 395, "name": "Gorkha Municipality"},
            {"id": 396, "name": "Palungtar Municipality"},
            {"id": 397, "name": "Ajirkot Rural Municipality"},
            {"id": 398, "name": "Aarughat Rural Municipality"},
            {"id": 399, "name": "Bhimsenthan Rural Municipality"},
            {"id": 400, "name": "Chumanuwri Rural Municipality"},
            {"id": 401, "name": "Dharche Rural Municipality"},
            {"id": 402, "name": "Gandaki Rural Municipality"},
            {"id": 403, "name": "Sahid Lakhan Rural Municipality"},
            {"id": 404, "name": "Siranchok Rural Municipality"},
            {"id": 405, "name": "Sulikot Rural Municipality"}
          ]
        },
        {
          "id": 37,
          "name": "LAMJUNG",
          "municipalityList": [
            {"id": 406, "name": "Besisahar Municipality"},
            {"id": 407, "name": "Madhya Nepal Municipality"},
            {"id": 408, "name": "Rainas Municipality"},
            {"id": 409, "name": "Sundarbazar Municipality"},
            {"id": 410, "name": "Dordi Rural Municipality"},
            {"id": 411, "name": "Dudhpokhari Rural Municipality"},
            {"id": 412, "name": "Kwholasothar Rural Municipality"},
            {"id": 413, "name": "Marsyangdi Rural Municipality"}
          ]
        },
        {
          "id": 38,
          "name": "TANAHU",
          "municipalityList": [
            {"id": 414, "name": "Byas Municipality"},
            {"id": 415, "name": "Shuklagandaki Municipality"},
            {"id": 416, "name": "Bhanu Municipality"},
            {"id": 417, "name": "Bhimad Municipality"},
            {"id": 418, "name": "Anbu Khaireni Rural Municipality"},
            {"id": 419, "name": "Bandipur Rural Municipality"},
            {"id": 420, "name": "Devghat Rural Municipality"},
            {"id": 421, "name": "Ghiring Rural Municipality"},
            {"id": 422, "name": "Myagde Rural Municipality"},
            {"id": 423, "name": "Rishing Rural Municipality"}
          ]
        },
        {
          "id": 39,
          "name": "SYANGJA",
          "municipalityList": [
            {"id": 424, "name": "Galyang Municipality"},
            {"id": 425, "name": "Putalibazar Municipality"},
            {"id": 426, "name": "Waling Municipality"},
            {"id": 427, "name": "Arjun Chaupari Rural Municipality"},
            {"id": 428, "name": "Aandhikhola Rural Municipality"},
            {"id": 429, "name": "Bhirkot Municipality"},
            {"id": 430, "name": "Biruwa Rural Municipality"},
            {"id": 431, "name": "Chapakot Municipality"},
            {"id": 432, "name": "Harinas Rural Municipality"},
            {"id": 433, "name": "Kaligandaki Rural Municipality"},
            {"id": 434, "name": "Phedikhola Rural Municipality"}
          ]
        },
        {
          "id": 40,
          "name": "KASKI",
          "municipalityList": [
            {"id": 435, "name": "Pokhara Maha Municipality"},
            {"id": 436, "name": "Annapurna Rural Municipality"},
            {"id": 437, "name": "Machhapuchchhre Rural Municipality"},
            {"id": 438, "name": "Madi Rural Municipality"},
            {"id": 439, "name": "Rupa Rural Municipality"}
          ]
        },
        {
          "id": 41,
          "name": "MANANG",
          "municipalityList": [
            {"id": 440, "name": "Chame Rural Municipality"},
            {"id": 441, "name": "Narpabhumi Rural Municipality"},
            {"id": 442, "name": "Nashong Rural Municipality"},
            {"id": 443, "name": "Manang Ngisyang Rural Municipality"}
          ]
        },
        {
          "id": 42,
          "name": "MUSTANG",
          "municipalityList": [
            {"id": 444, "name": "Gharapjhong Rural Municipality"},
            {"id": 445, "name": "Thasang Rural Municipality"},
            {"id": 446, "name": "Baragung Muktichhetra Rural Municipality"},
            {"id": 447, "name": "Lomanthang Rural Municipality"},
            {"id": 448, "name": "Lo-Ghekar Damodarkunda Rural Municipality"}
          ]
        },
        {
          "id": 43,
          "name": "PARBAT",
          "municipalityList": [
            {"id": 449, "name": "Kushma Municipality"},
            {"id": 450, "name": "Phalebas Municipality"},
            {"id": 451, "name": "Bihadi Rural Municipality"},
            {"id": 452, "name": "Jaljala Rural Municipality"},
            {"id": 453, "name": "Mahashila Rural Municipality"},
            {"id": 454, "name": "Modi Rural Municipality"},
            {"id": 455, "name": "Painyu Rural Municipality"}
          ]
        },
        {
          "id": 44,
          "name": "MYAGDI",
          "municipalityList": [
            {"id": 456, "name": "Beni Municipality"},
            {"id": 457, "name": "Annapurna Rural Municipality"},
            {"id": 458, "name": "Dhawalagiri Rural Municipality"},
            {"id": 459, "name": "Mangala Rural Municipality"},
            {"id": 460, "name": "Malika Rural Municipality"},
            {"id": 461, "name": "Raghuganga Rural Municipality"}
          ]
        },
        {
          "id": 45,
          "name": "BAGLUNG",
          "municipalityList": [
            {"id": 462, "name": "Baglung Municipality"},
            {"id": 463, "name": "Galkot Municipality"},
            {"id": 464, "name": "Jaimini Municipality"},
            {"id": 465, "name": "Dhorpatan Municipality"},
            {"id": 466, "name": "Bareng Rural Municipality"},
            {"id": 467, "name": "Badigad Rural Municipality"},
            {"id": 468, "name": "Kathekhola Rural Municipality"},
            {"id": 469, "name": "Nisikhola Rural Municipality"},
            {"id": 470, "name": "Taman Khola Rural Municipality"},
            {"id": 471, "name": "Tara Khola Rural Municipality"}
          ]
        },
        {
          "id": 46,
          "name": "NAWALPARASI EAST",
          "municipalityList": [
            {"id": 472, "name": "Devchuli Municipality"},
            {"id": 473, "name": "Gaidakot Municipality"},
            {"id": 474, "name": "Kawasoti Municipality"},
            {"id": 475, "name": "Madhyabindu Municipality"},
            {"id": 476, "name": "Binayi Triveni Rural Municipality"},
            {"id": 477, "name": "Bulingtar Rural Municipality"},
            {"id": 478, "name": "Hupsekot Rural Municipality"},
            {"id": 479, "name": "Baudikali Rural Municipality"}
          ]
        }
      ]
    },
    {
      "id": 5,
      "name": "LUMBINI PROVINCE",
      "districtList": [
        {
          "id": 47,
          "name": "GULMI",
          "municipalityList": [
            {"id": 480, "name": "Resunga Municipality"},
            {"id": 481, "name": "Musikot Municipality"},
            {"id": 482, "name": "Chandrakot Rural Municipality"},
            {"id": 483, "name": "Chhatrakot Rural Municipality"},
            {"id": 484, "name": "Dhurkot Rural Municipality"},
            {"id": 485, "name": "Gulmidarbar Rural Municipality"},
            {"id": 486, "name": "Isma Rural Municipality"},
            {"id": 487, "name": "Kaligandaki Rural Municipality"},
            {"id": 488, "name": "Madane Rural Municipality"},
            {"id": 489, "name": "Malika Rural Municipality"},
            {"id": 490, "name": "Ruru Rural Municipality"},
            {"id": 491, "name": "Satyawati Rural Municipality"}
          ]
        },
        {
          "id": 48,
          "name": "PALPA",
          "municipalityList": [
            {"id": 492, "name": "Tansen Municipality"},
            {"id": 493, "name": "Rampur Municipality"},
            {"id": 494, "name": "Bagnaskali Rural Municipality"},
            {"id": 495, "name": "Mathagadhi Rural Municipality"},
            {"id": 496, "name": "Nisdi Rural Municipality"},
            {"id": 497, "name": "Purbakhola Rural Municipality"},
            {"id": 498, "name": "Rambha Rural Municipality"},
            {"id": 499, "name": "Ribdikot Rural Municipality"},
            {"id": 500, "name": "Tinau Rural Municipality"},
            {"id": 501, "name": "Rainadevi Chhahara Rural Municipality"}
          ]
        },
        {
          "id": 49,
          "name": "RUPANDEHI",
          "municipalityList": [
            {"id": 502, "name": "Butwal Upa Maha Municipality"},
            {"id": 503, "name": "Devdaha Municipality"},
            {"id": 504, "name": "Lumbini Sanskritik Municipality"},
            {"id": 505, "name": "Sainamaina Municipality"},
            {"id": 506, "name": "Siddharthanagar Municipality"},
            {"id": 507, "name": "Tilottama Municipality"},
            {"id": 508, "name": "Gaumukhi Rural Municipality"},
            {"id": 509, "name": "Kanchan Rural Municipality"},
            {"id": 510, "name": "Kotahimai Rural Municipality"},
            {"id": 511, "name": "Marchawarimai Rural Municipality"},
            {"id": 512, "name": "Mayadevi Rural Municipality"},
            {"id": 513, "name": "Omsatiya Rural Municipality"},
            {"id": 514, "name": "Rohini Rural Municipality"},
            {"id": 515, "name": "Sammarimai Rural Municipality"},
            {"id": 516, "name": "Siyari Rural Municipality"},
            {"id": 517, "name": "Sudhdhodhan Rural Municipality"}
          ]
        },
        {
          "id": 50,
          "name": "KAPILVASTU",
          "municipalityList": [
            {"id": 518, "name": "Kapilvastu Municipality"},
            {"id": 519, "name": "Banganga Municipality"},
            {"id": 520, "name": "Buddhabhumi Municipality"},
            {"id": 521, "name": "Shivaraj Municipality"},
            {"id": 522, "name": "Krishnanagar Municipality"},
            {"id": 523, "name": "Maharajgunj Municipality"},
            {"id": 524, "name": "Mayadevi Rural Municipality"},
            {"id": 525, "name": "Yashodhara Rural Municipality"},
            {"id": 526, "name": "Suddhodhan Rural Municipality"},
            {"id": 527, "name": "Bijaynagar Rural Municipality"}
          ]
        },
        {
          "id": 51,
          "name": "ARGHAKHANCHI",
          "municipalityList": [
            {"id": 528, "name": "Sandhikharka Municipality"},
            {"id": 529, "name": "Sitganga Municipality"},
            {"id": 530, "name": "Bhumikasthan Municipality"},
            {"id": 531, "name": "Chhatradev Rural Municipality"},
            {"id": 532, "name": "Malarani Rural Municipality"},
            {"id": 533, "name": "Panini Rural Municipality"}
          ]
        },
        {
          "id": 52,
          "name": "PYUTHAN",
          "municipalityList": [
            {"id": 534, "name": "Pyuthan Municipality"},
            {"id": 535, "name": "Sworgadwari Municipality"},
            {"id": 536, "name": "Airawati Rural Municipality"},
            {"id": 537, "name": "Gaumukhi Rural Municipality"},
            {"id": 538, "name": "Jhimruk Rural Municipality"},
            {"id": 539, "name": "Mallrani Rural Municipality"},
            {"id": 540, "name": "Mandavi Rural Municipality"},
            {"id": 541, "name": "Naubahini Rural Municipality"},
            {"id": 542, "name": "Sarumarani Rural Municipality"}
          ]
        },
        {
          "id": 53,
          "name": "ROLPA",
          "municipalityList": [
            {"id": 543, "name": "Rolpa Municipality"},
            {"id": 544, "name": "Runtigadhi Rural Municipality"},
            {"id": 545, "name": "Lungri Rural Municipality"},
            {"id": 546, "name": "Madi Rural Municipality"},
            {"id": 547, "name": "Sunchhahari Rural Municipality"},
            {"id": 548, "name": "Sukidaha Rural Municipality"},
            {"id": 549, "name": "Thawang Rural Municipality"},
            {"id": 550, "name": "Paribartan Rural Municipality"},
            {"id": 551, "name": "Gangadev Rural Municipality"},
            {"id": 552, "name": "Tribeni Rural Municipality"}
          ]
        },
        {
          "id": 54,
          "name": "DANG",
          "municipalityList": [
            {"id": 553, "name": "Ghorahi Upa Maha Municipality"},
            {"id": 554, "name": "Tulsipur Upa Maha Municipality"},
            {"id": 555, "name": "Lamahi Municipality"},
            {"id": 556, "name": "Babai Rural Municipality"},
            {"id": 557, "name": "Banglachuli Rural Municipality"},
            {"id": 558, "name": "Dangisharan Rural Municipality"},
            {"id": 559, "name": "Gadhawa Rural Municipality"},
            {"id": 560, "name": "Rajpur Rural Municipality"},
            {"id": 561, "name": "Rapti Rural Municipality"},
            {"id": 562, "name": "Shantinagar Rural Municipality"}
          ]
        },
        {
          "id": 55,
          "name": "BANKE",
          "municipalityList": [
            {"id": 563, "name": "Nepalgunj Upa Maha Municipality"},
            {"id": 564, "name": "Kohalpur Municipality"},
            {"id": 565, "name": "Baijanath Rural Municipality"},
            {"id": 566, "name": "Duduwa Rural Municipality"},
            {"id": 567, "name": "Janki Rural Municipality"},
            {"id": 568, "name": "Khajura Rural Municipality"},
            {"id": 569, "name": "Narainapur Rural Municipality"},
            {"id": 570, "name": "Rapti Sonari Rural Municipality"}
          ]
        },
        {
          "id": 56,
          "name": "BARDIYA",
          "municipalityList": [
            {"id": 571, "name": "Gulariya Municipality"},
            {"id": 572, "name": "Rajapur Municipality"},
            {"id": 573, "name": "Madhuwan Municipality"},
            {"id": 574, "name": "Thakurbaba Municipality"},
            {"id": 575, "name": "Bansgadhi Municipality"},
            {"id": 576, "name": "Barbardiya Municipality"},
            {"id": 577, "name": "Badhaiyatal Rural Municipality"},
            {"id": 578, "name": "Geruwa Rural Municipality"}
          ]
        },
        {
          "id": 57,
          "name": "NAWALPARASI WEST",
          "municipalityList": [
            {"id": 579, "name": "Bardaghat Municipality"},
            {"id": 580, "name": "Ramgram Municipality"},
            {"id": 581, "name": "Sunwal Municipality"},
            {"id": 582, "name": "Palhi Nandan Rural Municipality"},
            {"id": 583, "name": "Pratappur Rural Municipality"},
            {"id": 584, "name": "Sarawal Rural Municipality"},
            {"id": 585, "name": "Susta Rural Municipality"}
          ]
        }
      ]
    },
    {
      "id": 6,
      "name": "KARNALI PROVINCE",
      "districtList": [
        {
          "id": 58,
          "name": "SURKHET",
          "municipalityList": [
            {"id": 586, "name": "Birendranagar Municipality"},
            {"id": 587, "name": "Bheriganga Municipality"},
            {"id": 588, "name": "Gurbhakot Municipality"},
            {"id": 589, "name": "Panchapuri Municipality"},
            {"id": 590, "name": "Lekbeshi Municipality"},
            {"id": 591, "name": "Barahatal Rural Municipality"},
            {"id": 592, "name": "Chaukune Rural Municipality"},
            {"id": 593, "name": "Chingad Rural Municipality"},
            {"id": 594, "name": "Simta Rural Municipality"}
          ]
        },
        {
          "id": 59,
          "name": "DAILEKH",
          "municipalityList": [
            {"id": 595, "name": "Narayan Municipality"},
            {"id": 596, "name": "Dullu Municipality"},
            {"id": 597, "name": "Chamunda Bindrasaini Municipality"},
            {"id": 598, "name": "Aathbis Municipality"},
            {"id": 599, "name": "Bhagawatimai Rural Municipality"},
            {"id": 600, "name": "Dungeshwor Rural Municipality"},
            {"id": 601, "name": "Gurans Rural Municipality"},
            {"id": 602, "name": "Naumule Rural Municipality"},
            {"id": 603, "name": "Mahabu Rural Municipality"},
            {"id": 604, "name": "Bhairabi Rural Municipality"},
            {"id": 605, "name": "Thantikandh Rural Municipality"}
          ]
        },
        {
          "id": 60,
          "name": "JAJARKOT",
          "municipalityList": [
            {"id": 606, "name": "Bheri Municipality"},
            {"id": 607, "name": "Chhedagad Municipality"},
            {"id": 608, "name": "Tribeni Nalgad Municipality"},
            {"id": 609, "name": "Barekot Rural Municipality"},
            {"id": 610, "name": "Kuse Rural Municipality"},
            {"id": 611, "name": "Junichande Rural Municipality"},
            {"id": 612, "name": "Shivalaya Rural Municipality"}
          ]
        },
        {
          "id": 61,
          "name": "DOLPA",
          "municipalityList": [
            {"id": 613, "name": "Thuli Bheri Municipality"},
            {"id": 614, "name": "Tripurasundari Municipality"},
            {"id": 615, "name": "Dolpo Buddha Rural Municipality"},
            {"id": 616, "name": "She Phoksundo Rural Municipality"},
            {"id": 617, "name": "Jagadulla Rural Municipality"},
            {"id": 618, "name": "Mudkechula Rural Municipality"},
            {"id": 619, "name": "Kaike Rural Municipality"},
            {"id": 620, "name": "Chharka Tangsong Rural Municipality"}
          ]
        },
        {
          "id": 62,
          "name": "JUMLA",
          "municipalityList": [
            {"id": 621, "name": "Chandannath Municipality"},
            {"id": 622, "name": "Kankasundari Rural Municipality"},
            {"id": 623, "name": "Sinja Rural Municipality"},
            {"id": 624, "name": "Hima Rural Municipality"},
            {"id": 625, "name": "Tila Rural Municipality"},
            {"id": 626, "name": "Guthichaur Rural Municipality"},
            {"id": 627, "name": "Tatopani Rural Municipality"},
            {"id": 628, "name": "Patarasi Rural Municipality"}
          ]
        },
        {
          "id": 63,
          "name": "KALIKOT",
          "municipalityList": [
            {"id": 629, "name": "Khandachakra Municipality"},
            {"id": 630, "name": "Raskot Municipality"},
            {"id": 631, "name": "Tilagufa Municipality"},
            {"id": 632, "name": "Pachaljharana Rural Municipality"},
            {"id": 633, "name": "Sanni Tribeni Rural Municipality"},
            {"id": 634, "name": "Naraharinath Rural Municipality"},
            {"id": 635, "name": "Kalika Rural Municipality"},
            {"id": 636, "name": "Mahawai Rural Municipality"},
            {"id": 637, "name": "Palata Rural Municipality"}
          ]
        },
        {
          "id": 64,
          "name": "MUGU",
          "municipalityList": [
            {"id": 638, "name": "Chhayanath Rara Municipality"},
            {"id": 639, "name": "Khatyad Rural Municipality"},
            {"id": 640, "name": "Mugum Karmarong Rural Municipality"},
            {"id": 641, "name": "Soru Rural Municipality"}
          ]
        },
        {
          "id": 65,
          "name": "HUMLA",
          "municipalityList": [
            {"id": 642, "name": "Simkot Rural Municipality"},
            {"id": 643, "name": "Namkha Rural Municipality"},
            {"id": 644, "name": "Kharpunath Rural Municipality"},
            {"id": 645, "name": "Sarkegad Rural Municipality"},
            {"id": 646, "name": "Chankheli Rural Municipality"},
            {"id": 647, "name": "Adanchuli Rural Municipality"},
            {"id": 648, "name": "Tanjakot Rural Municipality"}
          ]
        },
        {
          "id": 66,
          "name": "RUKUM WEST",
          "municipalityList": [
            {"id": 649, "name": "Musikot Municipality"},
            {"id": 650, "name": "Chaurjahari Municipality"},
            {"id": 651, "name": "Aathbiskot Municipality"},
            {"id": 652, "name": "Banphikot Rural Municipality"},
            {"id": 653, "name": "Tribeni Rural Municipality"},
            {"id": 654, "name": "Sani Bheri Rural Municipality"}
          ]
        },
        {
          "id": 67,
          "name": "SALYAN",
          "municipalityList": [
            {"id": 655, "name": "Sharada Municipality"},
            {"id": 656, "name": "Bagchaur Municipality"},
            {"id": 657, "name": "Bangad Kupinde Municipality"},
            {"id": 658, "name": "Kalimati Rural Municipality"},
            {"id": 659, "name": "Tribeni Rural Municipality"},
            {"id": 660, "name": "Kapurkot Rural Municipality"},
            {"id": 661, "name": "Chhatreshwori Rural Municipality"},
            {"id": 662, "name": "Dhorchaur Rural Municipality"},
            {"id": 663, "name": "Siddha Kumakh Rural Municipality"},
            {"id": 664, "name": "Kumakh Rural Municipality"}
          ]
        }
      ]
    },
    {
      "id": 7,
      "name": "SUDURPASCHIM PROVINCE",
      "districtList": [
        {
          "id": 68,
          "name": "BAITADI",
          "municipalityList": [
            {"id": 665, "name": "Dasharathchanda Municipality"},
            {"id": 666, "name": "Patan Municipality"},
            {"id": 667, "name": "Melauli Municipality"},
            {"id": 668, "name": "Purchaudi Municipality"},
            {"id": 669, "name": "Dilasaini Rural Municipality"},
            {"id": 670, "name": "Dogadakedar Rural Municipality"},
            {"id": 671, "name": "Surnaya Rural Municipality"},
            {"id": 672, "name": "Sigas Rural Municipality"},
            {"id": 673, "name": "Shivanath Rural Municipality"},
            {"id": 674, "name": "Pancheshwar Rural Municipality"}
          ]
        },
        {
          "id": 69,
          "name": "DADHELHURA",
          "municipalityList": [
            {"id": 675, "name": "Amargadhi Municipality"},
            {"id": 676, "name": "Parshuram Municipality"},
            {"id": 677, "name": "Aalital Rural Municipality"},
            {"id": 678, "name": "Bhageshwar Rural Municipality"},
            {"id": 679, "name": "Navadurga Rural Municipality"},
            {"id": 680, "name": "Ajaymeru Rural Municipality"},
            {"id": 681, "name": "Ganyapadhura Rural Municipality"}
          ]
        },
        {
          "id": 70,
          "name": "DOTI",
          "municipalityList": [
            {"id": 682, "name": "Dipayal Silgadhi Municipality"},
            {"id": 683, "name": "Shikhar Municipality"},
            {"id": 684, "name": "Purbichauki Rural Municipality"},
            {"id": 685, "name": "Badikedar Rural Municipality"},
            {"id": 686, "name": "Jorayal Rural Municipality"},
            {"id": 687, "name": "Sayal Rural Municipality"},
            {"id": 688, "name": "Aadarsha Rural Municipality"},
            {"id": 689, "name": "K.I. Singh Rural Municipality"},
            {"id": 690, "name": "Bogatan Phudsil Rural Municipality"}
          ]
        },
        {
          "id": 71,
          "name": "ACHHAM",
          "municipalityList": [
            {"id": 691, "name": "Mangalsen Municipality"},
            {"id": 692, "name": "Kamalbazar Municipality"},
            {"id": 693, "name": "Sanphebagar Municipality"},
            {"id": 694, "name": "Panchadewal Binayak Municipality"},
            {"id": 695, "name": "Chaurpati Rural Municipality"},
            {"id": 696, "name": "Mellekh Rural Municipality"},
            {"id": 697, "name": "Bannigadhi Jayagadh Rural Municipality"},
            {"id": 698, "name": "Ramrosan Rural Municipality"},
            {"id": 699, "name": "Dhakari Rural Municipality"},
            {"id": 700, "name": "Turmakhad Rural Municipality"}
          ]
        },
        {
          "id": 72,
          "name": "DADELDHURA",
          "municipalityList": [
            {"id": 701, "name": "Amargadhi Municipality"},
            {"id": 702, "name": "Parshuram Municipality"},
            {"id": 703, "name": "Aalital Rural Municipality"},
            {"id": 704, "name": "Bhageshwar Rural Municipality"},
            {"id": 705, "name": "Navadurga Rural Municipality"},
            {"id": 706, "name": "Ajaymeru Rural Municipality"},
            {"id": 707, "name": "Ganyapadhura Rural Municipality"}
          ]
        },
        {
          "id": 73,
          "name": "KANCHANPUR",
          "municipalityList": [
            {"id": 708, "name": "Bhimdatta Municipality"},
            {"id": 709, "name": "Punarbas Municipality"},
            {"id": 710, "name": "Bedkot Municipality"},
            {"id": 711, "name": "Mahakali Municipality"},
            {"id": 712, "name": "Shuklaphanta Municipality"},
            {"id": 713, "name": "Belauri Municipality"},
            {"id": 714, "name": "Krishnapur Municipality"},
            {"id": 715, "name": "Beldandi Rural Municipality"},
            {"id": 716, "name": "Laljhadi Rural Municipality"}
          ]
        },
        {
          "id": 74,
          "name": "KAILALI",
          "municipalityList": [
            {"id": 717, "name": "Dhangadhi Upa Maha Municipality"},
            {"id": 718, "name": "Tikapur Municipality"},
            {"id": 719, "name": "Ghodaghodi Municipality"},
            {"id": 720, "name": "Lamkichuha Municipality"},
            {"id": 721, "name": "Bhajani Municipality"},
            {"id": 722, "name": "Godawari Municipality"},
            {"id": 723, "name": "Gauriganga Municipality"},
            {"id": 724, "name": "Janaki Rural Municipality"},
            {"id": 725, "name": "Bardagoriya Rural Municipality"},
            {"id": 726, "name": "Mohanyal Rural Municipality"},
            {"id": 727, "name": "Kailari Rural Municipality"},
            {"id": 728, "name": "Joshipur Rural Municipality"},
            {"id": 729, "name": "Chure Rural Municipality"}
          ]
        },
        {
          "id": 75,
          "name": "BAJURA",
          "municipalityList": [
            {"id": 730, "name": "Badimalika Municipality"},
            {"id": 731, "name": "Tribeni Municipality"},
            {"id": 732, "name": "Budhiganga Municipality"},
            {"id": 733, "name": "Budhinanda Municipality"},
            {"id": 734, "name": "Gaumul Rural Municipality"},
            {"id": 735, "name": "Pandav Gufa Rural Municipality"},
            {"id": 736, "name": "Swamikartik Khapar Rural Municipality"},
            {"id": 737, "name": "Chhededaha Rural Municipality"},
            {"id": 738, "name": "Himali Rural Municipality"}
          ]
        },
        {
          "id": 76,
          "name": "BAJHANG",
          "municipalityList": [
            {"id": 739, "name": "Jaya Prithvi Municipality"},
            {"id": 740, "name": "Bungal Municipality"},
            {"id": 741, "name": "Talkot Rural Municipality"},
            {"id": 742, "name": "Masta Rural Municipality"},
            {"id": 743, "name": "Khaptadchhanna Rural Municipality"},
            {"id": 744, "name": "Thalara Rural Municipality"},
            {"id": 745, "name": "Bitthadchir Rural Municipality"},
            {"id": 746, "name": "Surma Rural Municipality"},
            {"id": 747, "name": "Chabispathivera Rural Municipality"},
            {"id": 748, "name": "Durgathali Rural Municipality"},
            {"id": 749, "name": "Kedarsyun Rural Municipality"},
            {"id": 750, "name": "Kanda Rural Municipality"}
          ]
        }
      ]
    }
  ]
}
